Municipality Name,Email,Password,Status
"Pimpri Chinchwad Municipal Corporation","lemma_pune@gmail.com","lemma@123","Created"
"Tambaram Corporation","lemma_chengalpattu@gmail.com","lemma@123","Created"
"Dewas Municipal Corporation","lemma_dewas@gmail.com","lemma@123","Created"
"Dharwad City Corporation","lemma_dharwad@gmail.com","lemma@123","Created"
"Amravati Municipal Corporation","lemma_amravati@gmail.com","lemma@123","Created"
"Darbhanga Municipal Corporation","lemma_darbhanga@gmail.com","lemma@123","Created"
"Kanpur Municipal Corporation","lemma_kanpur_nagar@gmail.com","lemma@123","Created"
"Greater Warangal Municipal Corporation","lemma_warangal@gmail.com","lemma@123","Created"
"Jhansi Municipal Corporation","lemma_jhansi@gmail.com","lemma@123","Created"
"Gurugram Municipal Corporation","lemma_gurugram@gmail.com","lemma@123","Created"
"Bengaluru North City Corporation","lemma_bangalore_urban@gmail.com","lemma@123","Created"
"Burhanpur Municipal Corporation","lemma_burhanpur@gmail.com","lemma@123","Created"
"Pithoragarh Municipal Corporation","lemma_pithoragarh@gmail.com","lemma@123","Created"
"Mangalagiri Tadepalli Municipal Corporation","lemma_guntur@gmail.com","lemma@123","Created"
"Muzaffarpur Municipal Corporation","lemma_muzaffarpur@gmail.com","lemma@123","Created"
"Lucknow Municipal Corporation","lemma_lucknow@gmail.com","lemma@123","Created"
"Tiruchirappalli City Municipal Corporation","lemma_tiruchirappalli@gmail.com","lemma@123","Created"
"Mancherial Municipal Corporation","lemma_mancherial@gmail.com","lemma@123","Created"
"Dhule Municipal Corporation","lemma_dhule@gmail.com","lemma@123","Created"
"Arrah Municipal Corporation","lemma_bhojpur@gmail.com","lemma@123","Created"
"Moga Municipal Corporation","lemma_moga@gmail.com","lemma@123","Created"
"Kurnool Municipal Corporation","lemma_kurnool@gmail.com","lemma@123","Created"
"Tirupati Municipal Corporation","lemma_tirupati@gmail.com","lemma@123","Created"
"Kochi Municipal Corporation","lemma_ernakulam@gmail.com","lemma@123","Created"
"Kota Municipal Corporation","lemma_kota@gmail.com","lemma@123","Created"
"Bathinda Municipal Corporation","lemma_bathinda@gmail.com","lemma@123","Created"
"Greater Chennai Corporation","lemma_chennai@gmail.com","lemma@123","Created"
"Mysuru City Corporation","lemma_mysuru@gmail.com","lemma@123","Created"
"Tirunelveli Municipal Corporation","lemma_tirunelveli@gmail.com","lemma@123","Created"
"Chhatrapati Sambhajinagar Municipal Corporation","lemma_aurangabad@gmail.com","lemma@123","Created"
"Bengaluru South City Corporation","lemma_bangalore_urban_bengaluru_south@gmail.com","lemma@123","Created"
"Durgapur Municipal Corporation","lemma_paschim_bardhaman@gmail.com","lemma@123","Created"
"Chirmiri Municipal Corporation","lemma_koriya@gmail.com","lemma@123","Created"
"Shahjahanpur Municipal Corporation","lemma_shahjahanpur@gmail.com","lemma@123","Created"
"Karur Municipal Corporation","lemma_karur@gmail.com","lemma@123","Created"
"Kakinada Municipal Corporation","lemma_kakinada@gmail.com","lemma@123","Created"
"Dindigul Municipal Corporation","lemma_dindigul@gmail.com","lemma@123","Created"
"Vadodara Municipal Corporation","lemma_vadodara@gmail.com","lemma@123","Created"
"Nagercoil Municipal Corporation","lemma_kanyakumari@gmail.com","lemma@123","Created"
"Jalandhar Municipal Corporation","lemma_jalandhar@gmail.com","lemma@123","Created"
"Guwahati Municipal Corporation","lemma_kamrup_metropolitan@gmail.com","lemma@123","Created"
"Bikaner Municipal Corporation","lemma_bikaner@gmail.com","lemma@123","Created"
"Bhilwara Municipal Corporation","lemma_bhilwara@gmail.com","lemma@123","Created"
"Satna Municipal Corporation","lemma_satna@gmail.com","lemma@123","Created"
"Puri Municipal Corporation","lemma_puri@gmail.com","lemma@123","Created"
"Shivamogga City Corporation","lemma_shivamogga@gmail.com","lemma@123","Created"
"Khammam Municipal Corporation","lemma_khammam@gmail.com","lemma@123","Created"
"Dehradun Municipal Corporation","lemma_dehradun@gmail.com","lemma@123","Created"
"Siliguri Municipal Corporation","lemma_darjeeling@gmail.com","lemma@123","Created"
"Yamunanagar Municipal Corporation","lemma_yamunanagar@gmail.com","lemma@123","Created"
"Gorakhpur Municipal Corporation","lemma_gorakhpur@gmail.com","lemma@123","Created"
"Bengaluru East City Corporation","lemma_bangalore_urban_bengaluru_east@gmail.com","lemma@123","Created"
"Raigarh Municipal Corporation","lemma_raigarh@gmail.com","lemma@123","Created"
"Roorkee Municipal Corporation","lemma_haridwar@gmail.com","lemma@123","Created"
"Bhiwandi-Nizampur Municipal Corporation","lemma_thane@gmail.com","lemma@123","Created"
"Sagar Municipal Corporation","lemma_sagar@gmail.com","lemma@123","Created"
"Thanjavur Municipal Corporation","lemma_thanjavur@gmail.com","lemma@123","Created"
"Ranchi Municipal Corporation","lemma_ranchi@gmail.com","lemma@123","Created"
"Solapur Municipal Corporation","lemma_solapur@gmail.com","lemma@123","Created"
"Meerut Municipal Corporation","lemma_meerut@gmail.com","lemma@123","Created"
"Tiruppur City Municipal Corporation","lemma_tiruppur@gmail.com","lemma@123","Created"
"Ramagundam Municipal Corporation","lemma_peddapalli@gmail.com","lemma@123","Created"
"Faridabad Municipal Corporation","lemma_faridabad@gmail.com","lemma@123","Created"
"Ambala Municipal Corporation","lemma_ambala@gmail.com","lemma@123","Created"
"Sangli-Miraj-Kupwad Municipal Corporation","lemma_sangli@gmail.com","lemma@123","Created"
"Vijayapura City Corporation","lemma_vijayapura@gmail.com","lemma@123","Created"
"Machilipatnam Municipal Corporation","lemma_krishna@gmail.com","lemma@123","Created"
"Ichalkaranji Municipal Corporation","lemma_kolhapur@gmail.com","lemma@123","Created"
"Ahmedabad Municipal Corporation","lemma_ahmedabad@gmail.com","lemma@123","Created"
"Birgaon Municipal Corporation","lemma_raipur@gmail.com","lemma@123","Created"
"Cuddalore Municipal Corporation","lemma_cuddalore@gmail.com","lemma@123","Created"
"Mehsana Municipal Corporation","lemma_mehsana@gmail.com","lemma@123","Created"
"Sonipat Municipal Corporation","lemma_sonipat@gmail.com","lemma@123","Created"
"Bhopal Municipal Corporation","lemma_bhopal@gmail.com","lemma@123","Created"
"Gandhidham Municipal Corporation","lemma_kutch@gmail.com","lemma@123","Created"
"Udaipur Municipal Corporation","lemma_udaipur@gmail.com","lemma@123","Created"
"Bareilly Municipal Corporation","lemma_bareilly@gmail.com","lemma@123","Created"
"Aizawl Municipal Corporation","lemma_aizawl@gmail.com","lemma@123","Created"
"Pune Municipal Corporation","lemma_pune_pune@gmail.com","lemma@123","Created"
"Batala Municipal Corporation","lemma_gurdaspur@gmail.com","lemma@123","Created"
"Haldwani Municipal Corporation","lemma_nainital@gmail.com","lemma@123","Created"
"Ulhasnagar Municipal Corporation","lemma_thane_ulhasnagar@gmail.com","lemma@123","Created"
"Mangaluru City Corporation","lemma_dakshina_kannada@gmail.com","lemma@123","Created"
"Nagpur Municipal Corporation","lemma_nagpur@gmail.com","lemma@123","Created"
"Abohar Municipal Corporation","lemma_fazilka@gmail.com","lemma@123","Created"
"Panvel Municipal Corporation","lemma_raigad@gmail.com","lemma@123","Created"
"Salem City Municipal Corporation","lemma_salem@gmail.com","lemma@123","Created"
"Ujjain Municipal Corporation","lemma_ujjain@gmail.com","lemma@123","Created"
"Ongole Municipal Corporation","lemma_prakasam@gmail.com","lemma@123","Created"
"Karaikudi Municipal Corporation","lemma_sivaganga@gmail.com","lemma@123","Created"
"Dibrugarh Municipal Corporation","lemma_dibrugarh@gmail.com","lemma@123","Created"
"Gaya Municipal Corporation","lemma_gaya@gmail.com","lemma@123","Created"
"Sitamarhi Municipal Corporation","lemma_sitamarhi@gmail.com","lemma@123","Created"
"Karimnagar Municipal Corporation","lemma_karimnagar@gmail.com","lemma@123","Created"
"Kozhikode Municipal Corporation","lemma_kozhikode@gmail.com","lemma@123","Created"
"Vijayawada Municipal Corporation","lemma_ntr@gmail.com","lemma@123","Created"
"Ajmer Municipal Corporation","lemma_ajmer@gmail.com","lemma@123","Created"
"Thrissur Municipal Corporation","lemma_thrissur@gmail.com","lemma@123","Created"
"Dharamshala Municipal Corporation","lemma_kangra@gmail.com","lemma@123","Created"
"Patiala Municipal Corporation","lemma_patiala@gmail.com","lemma@123","Created"
"Singrauli Municipal Corporation","lemma_singrauli@gmail.com","lemma@123","Created"
"Davanagere City Corporation","lemma_davanagere@gmail.com","lemma@123","Created"
"Madhubani Municipal Corporation","lemma_madhubani@gmail.com","lemma@123","Created"
"Medininagar Municipal Corporation","lemma_palamu@gmail.com","lemma@123","Created"
"Municipal Corporation of Delhi","lemma_delhi@gmail.com","lemma@123","Created"
"Junagadh Municipal Corporation","lemma_junagadh@gmail.com","lemma@123","Created"
"Hosur Municipal Corporation","lemma_krishnagiri@gmail.com","lemma@123","Created"
"Pathankot Municipal Corporation","lemma_pathankot@gmail.com","lemma@123","Created"
"Ballari City Corporation","lemma_ballari@gmail.com","lemma@123","Created"
"Varanasi Municipal Corporation","lemma_varanasi@gmail.com","lemma@123","Created"
"Hazaribagh Municipal Corporation","lemma_hazaribagh@gmail.com","lemma@123","Created"
"Amritsar Municipal Corporation","lemma_amritsar@gmail.com","lemma@123","Created"
"Akola Municipal Corporation","lemma_akola@gmail.com","lemma@123","Created"
"Greater Hyderabad Municipal Corporation","lemma_hyderabad@gmail.com","lemma@123","Created"
"Chhindwara Municipal Corporation","lemma_chhindwara@gmail.com","lemma@123","Created"
"Bihar Sharif Municipal Corporation","lemma_nalanda@gmail.com","lemma@123","Created"
"Kalaburagi City Corporation","lemma_kalaburagi@gmail.com","lemma@123","Created"
"Thane Municipal Corporation","lemma_thane_thane@gmail.com","lemma@123","Created"
"Dhamtari Municipal Corporation","lemma_dhamtari@gmail.com","lemma@123","Created"
"Ayodhya Municipal Corporation","lemma_ayodhya@gmail.com","lemma@123","Created"
"Raipur Municipal Corporation","lemma_raipur_raipur@gmail.com","lemma@123","Created"
"Latur Municipal Corporation","lemma_latur@gmail.com","lemma@123","Created"
"Dhanbad Municipal Corporation","lemma_dhanbad@gmail.com","lemma@123","Created"
"Pudukottai Municipal Corporation","lemma_pudukkottai@gmail.com","lemma@123","Created"
"Durg Municipal Corporation","lemma_durg@gmail.com","lemma@123","Created"
"Kothagudem Municipal Corporation","lemma_bhadradri_kothagudem@gmail.com","lemma@123","Created"
"Bilaspur Municipal Corporation","lemma_bilaspur@gmail.com","lemma@123","Created"
"Gangtok Municipal Corporation","lemma_east_sikkim@gmail.com","lemma@123","Created"
"Agra Municipal Corporation","lemma_agra@gmail.com","lemma@123","Created"
"Prayagraj Municipal Corporation","lemma_prayagraj@gmail.com","lemma@123","Created"
"Morena Municipal Corporation","lemma_morena@gmail.com","lemma@123","Created"
"Chandernagore Municipal Corporation","lemma_hooghly@gmail.com","lemma@123","Created"
"Chittoor Municipal Corporation","lemma_chittoor@gmail.com","lemma@123","Created"
"Purnia Municipal Corporation","lemma_purnia@gmail.com","lemma@123","Created"
"Mathura-Vrindavan Municipal Corporation","lemma_mathura@gmail.com","lemma@123","Created"
"Kolhapur Municipal Corporation","lemma_kolhapur_kolhapur@gmail.com","lemma@123","Created"
"Deoghar Municipal Corporation","lemma_deoghar@gmail.com","lemma@123","Created"
"Bhilai Municipal Corporation","lemma_durg_bhilai@gmail.com","lemma@123","Created"
"Hubballi City Corporation","lemma_dharwad_hubballi@gmail.com","lemma@123","Created"
"Jabalpur Municipal Corporation","lemma_jabalpur@gmail.com","lemma@123","Created"
"Guntur Municipal Corporation","lemma_guntur_guntur@gmail.com","lemma@123","Created"
"Parbhani Municipal Corporation","lemma_parbhani@gmail.com","lemma@123","Created"
"Gandhinagar Municipal Corporation","lemma_gandhinagar@gmail.com","lemma@123","Created"
"Tiruvannamalai Municipal Corporation","lemma_tiruvannamalai@gmail.com","lemma@123","Created"
"Saharsa Municipal Corporation","lemma_saharsa@gmail.com","lemma@123","Created"
"Tumakuru City Corporation","lemma_tumakuru@gmail.com","lemma@123","Created"
"Sasaram Municipal Corporation","lemma_rohtas@gmail.com","lemma@123","Created"
"Imphal Municipal Corporation","lemma_imphal_west@gmail.com","lemma@123","Created"
"Srinagar Municipal Corporation","lemma_pauri_garhwal@gmail.com","lemma@123","Created"
"Ahmednagar Municipal Corporation","lemma_ahmednagar@gmail.com","lemma@123","Created"
"Begusarai Municipal Corporation","lemma_begusarai@gmail.com","lemma@123","Created"
"Chandrapur Municipal Corporation","lemma_chandrapur@gmail.com","lemma@123","Created"
"Sivakasi Municipal Corporation","lemma_virudhunagar@gmail.com","lemma@123","Created"
"Bhagalpur Municipal Corporation","lemma_bhagalpur@gmail.com","lemma@123","Created"
"Surat Municipal Corporation","lemma_surat@gmail.com","lemma@123","Created"
"Hoshiarpur Municipal Corporation","lemma_hoshiarpur@gmail.com","lemma@123","Created"
"Alwar Municipal Corporation","lemma_alwar@gmail.com","lemma@123","Created"
"Aligarh Municipal Corporation","lemma_aligarh@gmail.com","lemma@123","Created"
"Panchkula Municipal Corporation","lemma_panchkula@gmail.com","lemma@123","Created"
"Bharatpur Municipal Corporation","lemma_bharatpur@gmail.com","lemma@123","Created"
"Haridwar Municipal Corporation","lemma_haridwar_haridwar@gmail.com","lemma@123","Created"
"Jodhpur Municipal Corporation","lemma_jodhpur@gmail.com","lemma@123","Created"
"Giridih Municipal Corporation","lemma_giridih@gmail.com","lemma@123","Created"
"Sambalpur Municipal Corporation","lemma_sambalpur@gmail.com","lemma@123","Created"
"Eluru Municipal Corporation","lemma_eluru@gmail.com","lemma@123","Created"
"Saharanpur Municipal Corporation","lemma_saharanpur@gmail.com","lemma@123","Created"
"Rajamahendravaram Municipal Corporation","lemma_east_godavari@gmail.com","lemma@123","Created"
"Agartala Municipal Corporation","lemma_west_tripura@gmail.com","lemma@123","Created"
"Panaji City Corporation","lemma_north_goa@gmail.com","lemma@123","Created"
"Barnala Municipal Corporation","lemma_barnala@gmail.com","lemma@123","Created"
"Samastipur Municipal Corporation","lemma_samastipur@gmail.com","lemma@123","Created"
"Khandwa Municipal Corporation","lemma_khandwa@gmail.com","lemma@123","Created"
"Jamnagar Municipal Corporation","lemma_jamnagar@gmail.com","lemma@123","Created"
"Silchar Municipal Corporation","lemma_cachar@gmail.com","lemma@123","Created"
"Raichur City Corporation","lemma_raichur@gmail.com","lemma@123","Created"
"Jammu Municipal Corporation","lemma_jammu@gmail.com","lemma@123","Created"
"Erode City Municipal Corporation","lemma_erode@gmail.com","lemma@123","Created"
"Kannur Municipal Corporation","lemma_kannur@gmail.com","lemma@123","Created"
"Jagdalpur Municipal Corporation","lemma_bastar@gmail.com","lemma@123","Created"
"Ludhiana Municipal Corporation","lemma_ludhiana@gmail.com","lemma@123","Created"
"Karnal Municipal Corporation","lemma_karnal@gmail.com","lemma@123","Created"
"Hassan City Corporation","lemma_hassan@gmail.com","lemma@123","Created"
"Jalgaon Municipal Corporation","lemma_jalgaon@gmail.com","lemma@123","Created"
"Vellore Municipal Corporation","lemma_vellore@gmail.com","lemma@123","Created"
"Kumbakonam Municipal Corporation","lemma_thanjavur_kumbakonam@gmail.com","lemma@123","Created"
"Karamsad Anand Municipal Corporation","lemma_anand@gmail.com","lemma@123","Created"
"Bhubaneswar Municipal Corporation","lemma_khordha@gmail.com","lemma@123","Created"
"Mandi Municipal Corporation","lemma_mandi@gmail.com","lemma@123","Created"
"Katni Municipal Corporation","lemma_katni@gmail.com","lemma@123","Created"
"Panipat Municipal Corporation","lemma_panipat@gmail.com","lemma@123","Created"
"Moradabad Municipal Corporation","lemma_moradabad@gmail.com","lemma@123","Created"
"Kashipur Municipal Corporation","lemma_udham_singh_nagar@gmail.com","lemma@123","Created"
"Adityapur Municipal Corporation","lemma_seraikela_kharsawan@gmail.com","lemma@123","Created"
"Ratlam Municipal Corporation","lemma_ratlam@gmail.com","lemma@123","Created"
"Rudrapur Municipal Corporation","lemma_udham_singh_nagar_rudrapur@gmail.com","lemma@123","Created"
"Chandigarh Municipal Corporation","lemma_chandigarh@gmail.com","lemma@123","Created"
"Morbi Municipal Corporation","lemma_morbi@gmail.com","lemma@123","Created"
"Bidhannagar Municipal Corporation","lemma_north_24_parganas@gmail.com","lemma@123","Created"
"Munger Municipal Corporation","lemma_munger@gmail.com","lemma@123","Created"
"Bengaluru West City Corporation","lemma_bangalore_urban_bengaluru_west@gmail.com","lemma@123","Created"
"Rajnandgaon Municipal Corporation","lemma_rajnandgaon@gmail.com","lemma@123","Created"
"Brihanmumbai Municipal Corporation","lemma_mumbai@gmail.com","lemma@123","Created"
"Kadapa Municipal Corporation","lemma_ysr_kadapa@gmail.com","lemma@123","Created"
"Rourkela Municipal Corporation","lemma_sundergarh@gmail.com","lemma@123","Created"
"Kotdwar Municipal Corporation","lemma_pauri_garhwal_kotdwar@gmail.com","lemma@123","Created"
"Srikakulam Municipal Corporation","lemma_srikakulam@gmail.com","lemma@123","Created"
"Mohali Municipal Corporation","lemma_mohali@gmail.com","lemma@123","Created"
"Nellore Municipal Corporation","lemma_sps_nellore@gmail.com","lemma@123","Created"
"Berhampur Municipal Corporation","lemma_ganjam@gmail.com","lemma@123","Created"
"Kolkata Municipal Corporation","lemma_kolkata@gmail.com","lemma@123","Created"
"Almora Municipal Corporation","lemma_almora@gmail.com","lemma@123","Created"
"Surendranagar Municipal Corporation","lemma_surendranagar@gmail.com","lemma@123","Created"
"Navsari Municipal Corporation","lemma_navsari@gmail.com","lemma@123","Created"
"Greater Visakhapatnam Municipal Corporation","lemma_visakhapatnam@gmail.com","lemma@123","Created"
"Kalyan-Dombivli Municipal Corporation","lemma_thane_kalyandombivli@gmail.com","lemma@123","Created"
"Nahan Municipal Corporation","lemma_sirmour@gmail.com","lemma@123","Created"
"Asansol Municipal Corporation","lemma_paschim_bardhaman_asansol@gmail.com","lemma@123","Created"
"Anantapur Municipal Corporation","lemma_anantapur@gmail.com","lemma@123","Created"
"Mira-Bhayandar Municipal Corporation","lemma_thane_mirabhayandar@gmail.com","lemma@123","Created"
"Avadi Municipal Corporation","lemma_thiruvallur@gmail.com","lemma@123","Created"
"Kapurthala Municipal Corporation","lemma_kapurthala@gmail.com","lemma@123","Created"
"Rewa Municipal Corporation","lemma_rewa@gmail.com","lemma@123","Created"
"Manesar Municipal Corporation","lemma_gurgaon@gmail.com","lemma@123","Created"
"Katihar Municipal Corporation","lemma_katihar@gmail.com","lemma@123","Created"
"Jaipur Municipal Corporation","lemma_jaipur@gmail.com","lemma@123","Created"
"Kancheepuram Municipal Corporation","lemma_kanchipuram@gmail.com","lemma@123","Created"
"Palampur Municipal Corporation","lemma_kangra_palampur@gmail.com","lemma@123","Created"
"Porbandar Municipal Corporation","lemma_porbandar@gmail.com","lemma@123","Created"
"Howrah Municipal Corporation","lemma_howrah@gmail.com","lemma@123","Created"
"Mahabubnagar Municipal Corporation","lemma_mahabubnagar@gmail.com","lemma@123","Created"
"Nizamabad Municipal Corporation","lemma_nizamabad@gmail.com","lemma@123","Created"
"Phagwara Municipal Corporation","lemma_kapurthala_phagwara@gmail.com","lemma@123","Created"
"Thoothukkudi City Municipal Corporation","lemma_thoothukudi@gmail.com","lemma@123","Created"
"Ghaziabad Municipal Corporation","lemma_ghaziabad@gmail.com","lemma@123","Created"
"Vasai-Virar City Municipal Corporation","lemma_palghar@gmail.com","lemma@123","Created"
"Malegaon Municipal Corporation","lemma_nashik@gmail.com","lemma@123","Created"
"Korba Municipal Corporation","lemma_korba@gmail.com","lemma@123","Created"
"Namakkal Municipal Corporation","lemma_namakkal@gmail.com","lemma@123","Created"
"Vapi Municipal Corporation","lemma_valsad@gmail.com","lemma@123","Created"
"Rohtak Municipal Corporation","lemma_rohtak@gmail.com","lemma@123","Created"
"Ambikapur Municipal Corporation","lemma_surguja@gmail.com","lemma@123","Created"
"Rishikesh Municipal Corporation","lemma_dehradun_rishikesh@gmail.com","lemma@123","Created"
"Jalna Municipal Corporation","lemma_jalna@gmail.com","lemma@123","Created"
"Nadiad Municipal Corporation","lemma_kheda@gmail.com","lemma@123","Created"
"Mango Municipal Corporation","lemma_east_singhbhum@gmail.com","lemma@123","Created"
"Indore Municipal Corporation","lemma_indore@gmail.com","lemma@123","Created"
"Hisar Municipal Corporation","lemma_hisar@gmail.com","lemma@123","Created"
"Madurai Municipal Corporation","lemma_madurai@gmail.com","lemma@123","Created"
"Navi Mumbai Municipal Corporation","lemma_thane_navi_mumbai@gmail.com","lemma@123","Created"
"Chas Municipal Corporation","lemma_bokaro@gmail.com","lemma@123","Created"
"Firozabad Municipal Corporation","lemma_firozabad@gmail.com","lemma@123","Created"
"Kollam Municipal Corporation","lemma_kollam@gmail.com","lemma@123","Created"
"Bettiah Municipal Corporation","lemma_west_champaran@gmail.com","lemma@123","Created"
"Nanded-Waghala Municipal Corporation","lemma_nanded@gmail.com","lemma@123","Created"
"Thiruvananthapuram Municipal Corporation","lemma_thiruvananthapuram@gmail.com","lemma@123","Created"
"Belagavi City Corporation","lemma_belagavi@gmail.com","lemma@123","Created"
"Bidar City Corporation","lemma_bidar@gmail.com","lemma@123","Created"
"Shimla Municipal Corporation","lemma_shimla@gmail.com","lemma@123","Created"
"Gwalior Municipal Corporation","lemma_gwalior@gmail.com","lemma@123","Created"
"Nashik Municipal Corporation","lemma_nashik_nashik@gmail.com","lemma@123","Created"
"Rajkot Municipal Corporation","lemma_rajkot@gmail.com","lemma@123","Created"
"Chhapra Municipal Corporation","lemma_saran@gmail.com","lemma@123","Created"
"Vizianagaram Municipal Corporation","lemma_vizianagaram@gmail.com","lemma@123","Created"
"Bengaluru Central City Corporation","lemma_bangalore_urban_bengaluru_central@gmail.com","lemma@123","Created"
"Bhavnagar Municipal Corporation","lemma_bhavnagar@gmail.com","lemma@123","Created"
"Coimbatore Municipal Corporation","lemma_coimbatore@gmail.com","lemma@123","Created"
"Cuttack Municipal Corporation","lemma_cuttack@gmail.com","lemma@123","Created"
"Itanagar Municipal Corporation","lemma_papum_pare@gmail.com","lemma@123","Created"
"Patna Municipal Corporation","lemma_patna@gmail.com","lemma@123","Created"
"Srinagar Municipal Corporation","lemma_srinagar@gmail.com","lemma@123","Created"
"Motihari Municipal Corporation","lemma_east_champaran@gmail.com","lemma@123","Created"